{"cameraMode":{"drawMode":0,"name":"Shaded","section":"Shading Mode"},"sceneLighting":true,"audioPlay":false,"sceneViewState":{"m_AlwaysRefresh":false,"showFog":true,"showSkybox":true,"showFlares":true,"showImageEffects":true,"showParticleSystems":true,"showVisualEffectGraphs":true,"m_FxEnabled":true},"in2DMode":false,"pivot":{"x":4.957514762878418,"y":-7.162575721740723,"z":-11.003658294677735},"rotation":{"x":0.035430680960416797,"y":0.9253201484680176,"z":-0.3667958080768585,"w":0.08938102424144745},"size":10.160411834716797,"orthographic":false}