{"cameraMode":{"drawMode":0,"name":"Shaded","section":"Shading Mode"},"sceneLighting":true,"audioPlay":false,"sceneViewState":{"m_AlwaysRefresh":false,"showFog":true,"showSkybox":true,"showFlares":true,"showImageEffects":true,"showParticleSystems":true,"showVisualEffectGraphs":true,"m_FxEnabled":true},"in2DMode":false,"pivot":{"x":-1.918095588684082,"y":2.6271913051605226,"z":-9.475889205932618},"rotation":{"x":-0.017238395288586618,"y":0.9824474453926086,"z":-0.1433607041835785,"w":-0.11816835403442383},"size":3.4586496353149416,"orthographic":true}