{"cameraMode":{"drawMode":0,"name":"Shaded","section":"Shading Mode"},"sceneLighting":true,"audioPlay":false,"sceneViewState":{"m_AlwaysRefresh":false,"showFog":true,"showSkybox":true,"showFlares":true,"showImageEffects":true,"showParticleSystems":true,"showVisualEffectGraphs":true,"m_FxEnabled":true},"in2DMode":false,"pivot":{"x":0.8370000123977661,"y":0.7590000629425049,"z":0.9470000267028809},"rotation":{"x":0.00002028787821473088,"y":-0.9991960525512695,"z":-0.0006016769330017269,"w":-0.04019377380609512},"size":3.4745209217071535,"orthographic":true}