{"cameraMode":{"drawMode":0,"name":"Shaded","section":"Shading Mode"},"sceneLighting":true,"audioPlay":false,"sceneViewState":{"m_AlwaysRefresh":false,"showFog":true,"showSkybox":true,"showFlares":true,"showImageEffects":true,"showParticleSystems":true,"showVisualEffectGraphs":true,"m_FxEnabled":true},"in2DMode":false,"pivot":{"x":1.1750487089157105,"y":1.2071200609207154,"z":-0.25144392251968386},"rotation":{"x":0.013281134888529778,"y":0.8569614291191101,"z":-0.5147347450256348,"w":0.022111255675554277},"size":2.269040584564209,"orthographic":true}