{"cameraMode":{"drawMode":0,"name":"Shaded","section":"Shading Mode"},"sceneLighting":true,"audioPlay":false,"sceneViewState":{"m_AlwaysRefresh":false,"showFog":true,"showSkybox":true,"showFlares":true,"showImageEffects":true,"showParticleSystems":true,"showVisualEffectGraphs":true,"m_FxEnabled":true},"in2DMode":false,"pivot":{"x":1.5369229316711426,"y":0.04999765008687973,"z":0.7953812479972839},"rotation":{"x":0.00002028787821473088,"y":-0.9991960525512695,"z":-0.0006016769330017269,"w":-0.04019377380609512},"size":4.365858554840088,"orthographic":true}